{
  "textures": {
    "particle": "item/bending/airbending",
    "material": "item/bending/airbending"
  },

  "elements": [
    {
      "from": [ -0.45, -0.45, -0.45 ],
      "to": [ 16.45, 16.45, 16.45 ],
      "faces": {
        "north": { "uv": [ 3.0, 3.0, 13.0, 13.0 ], "texture": "#material" },
        "south": { "uv": [ 3.0, 3.0, 13.0, 13.0 ], "texture": "#material" },
        "east":  { "uv": [ 3.0, 3.0, 13.0, 13.0 ], "texture": "#material" },
        "west":  { "uv": [ 3.0, 3.0, 13.0, 13.0 ], "texture": "#material" },
        "up":    { "uv": [ 3.0, 3.0, 13.0, 13.0 ], "texture": "#material" },
        "down":  { "uv": [ 3.0, 3.0, 13.0, 13.0 ], "texture": "#material" }
      }
    },
    {
      "from": [ 2.93, -2.14, 2.93 ],
      "to": [ 13.07, 18.14, 13.07 ],
      "faces": {
        "north": { "uv": [ 5.0, 2.0, 11.0, 14.0 ], "texture": "#material" },
        "south": { "uv": [ 5.0, 2.0, 11.0, 14.0 ], "texture": "#material" },
        "east":  { "uv": [ 5.0, 2.0, 11.0, 14.0 ], "texture": "#material" },
        "west":  { "uv": [ 5.0, 2.0, 11.0, 14.0 ], "texture": "#material" },
        "up":    { "uv": [ 5.0, 5.0, 11.0, 11.0 ], "texture": "#material" },
        "down":  { "uv": [ 5.0, 5.0, 11.0, 11.0 ], "texture": "#material" }
      }
    },
    {
      "from": [ -2.14, 2.93, 2.93 ],
      "to": [ 18.14, 13.07, 13.07 ],
      "faces": {
        "north": { "uv": [ 2.0, 5.0, 11.0, 11.0 ], "texture": "#material" },
        "south": { "uv": [ 2.0, 5.0, 11.0, 11.0 ], "texture": "#material" },
        "east":  { "uv": [ 5.0, 5.0, 11.0, 11.0 ], "texture": "#material" },
        "west":  { "uv": [ 5.0, 5.0, 11.0, 11.0 ], "texture": "#material" },
        "up":    { "uv": [ 2.0, 5.0, 14.0, 11.0 ], "texture": "#material" },
        "down":  { "uv": [ 2.0, 5.0, 14.0, 11.0 ], "texture": "#material" }
      }
    },
    {
      "from": [ 2.93, 2.93, -2.14 ],
      "to": [ 13.07, 13.07, 18.14 ],
      "faces": {
        "north": { "uv": [ 5.0, 5.0, 14.0, 11.0 ], "texture": "#material" },
        "south": { "uv": [ 5.0, 5.0, 14.0, 11.0 ], "texture": "#material" },
        "east":  { "uv": [ 2.0, 5.0, 14.0, 11.0 ], "texture": "#material" },
        "west":  { "uv": [ 2.0, 5.0, 14.0, 11.0 ], "texture": "#material" },
        "up":    { "uv": [ 5.0, 2.0, 11.0, 14.0 ], "texture": "#material" },
        "down":  { "uv": [ 5.0, 2.0, 11.0, 14.0 ], "texture": "#material" }
      }
    }
  ],

  "display": {
    "thirdperson_righthand": {
      "rotation": [ -140, -45, 0 ],
      "translation": [ 0, 1.5, -0.4 ],
      "scale": [ 0.3, 0.3, 0.3 ]
    },
    "firstperson_righthand": {
      "rotation": [ 20, -135, 20 ],
      "translation": [ 0, 2, 2 ],
      "scale": [ 0.3, 0.3, 0.3 ]
    },
    "thirdperson_lefthand": {
      "rotation": [ -140, -45, 0 ],
      "translation": [ 0, 1.5, -0.4 ],
      "scale": [ 0.3, 0.3, 0.3 ]
    },
    "firstperson_lefthand": {
      "rotation": [ 20, -135, 20 ],
      "translation": [ 0, 2, 2 ],
      "scale": [ 0.3, 0.3, 0.3 ]
    },
    "gui": {
      "scale": [0.8, 0.8, 0.8]
    }
  }
}